date,n_index_open,n_stock_open,pnl_index,pnl_stock,pnl_opt,pnl_hedge,costs,pnl,equity,drawdown,span,elm,posted_margin
2026-04-24,1,1,-13632.904999999533,-214.7749999999938,-13847.679999999527,14159.776678149798,2700.146570939211,-2388.0498927889407,-2388.0498927889407,0.0,5028040.219827752,61288.03104158689,5089328.250869339
2026-04-27,1,4,-13632.904999999533,-2758.4749999999804,-16391.379999999514,51023.18965215572,7473.034295310988,27158.775356845224,24770.725464056282,0.0,5188283.272756714,68021.38637187041,5256304.659128585
2026-04-28,1,6,-13632.904999999533,5215.718750000028,-8417.186249999504,130076.74896857048,10576.57411180093,111082.98860677004,135853.71407082633,0.0,5309774.797090499,73292.23535603029,5383067.03244653
2026-04-29,1,6,-13632.904999999533,12829.468750000027,-803.4362499995077,136032.33742207714,18099.399903940164,117129.50126813746,252983.21533896378,0.0,5309774.797090499,73292.23535603029,5383067.03244653
2026-04-30,1,7,-13632.904999999533,14633.469484295518,1000.5644842959841,532893.8590168032,24851.80734056885,509042.61616053036,762025.8314994941,0.0,5351445.992735479,74392.33360589514,5425838.326341375
2026-05-04,1,8,-2693.6325000000174,19471.64663067287,16778.014130672847,-37163.88344598715,2120.2167521234223,-22506.086067437725,739519.7454320564,-22506.086067437776,460923.52105279465,44244.72035966726,505168.2414124619
2026-05-05,1,8,-2693.6325000000174,17637.50755626864,14943.875056268622,-55732.53081361842,3274.972862106118,-44063.628619455914,695456.1168126004,-66569.71468689374,460923.52105279465,44244.72035966726,505168.2414124619
2026-05-06,1,7,-2693.6325000000174,17872.57374956849,15178.941249568474,-63030.983374072064,4157.004337844944,-52009.04646234853,643447.0703502519,-118578.76114924229,458330.93157903454,43999.989964323875,502330.9215433585
2026-05-07,1,7,-2693.6325000000174,-1015.7742060866885,-3709.4067060867046,-60815.004756377544,4429.013726623002,-68953.42518908725,574493.6451611646,-187532.18633832957,458330.93157903454,43999.989964323875,502330.9215433585
2026-05-08,1,7,-3370.86749999995,-3917.075531502259,-7287.943031502208,-19880.428523939336,2834.4481302795125,-30002.819685721057,544490.8254754435,-217535.00602405064,490051.0587069441,27661.404899063808,517712.4636060079
2026-05-11,1,7,-3370.86749999995,-20313.309054181995,-23684.176554181944,1336.389113073275,4632.387806008966,-26980.175247117637,517510.65022832586,-244515.1812711683,490051.0587069441,27661.404899063808,517712.4636060079
2026-05-12,1,7,-3370.86749999995,-22164.250090921603,-25535.117590921553,160128.4615539671,6070.726124052329,128522.6178389932,646033.2680673191,-115992.56343217508,490051.0587069441,27661.404899063808,517712.4636060079
2026-05-13,1,7,-3370.86749999995,-24375.758980222407,-27746.626480222356,128654.96594379858,6666.138830536783,94242.20063303944,740275.4687003585,-21750.36279913562,490051.0587069441,27661.404899063808,517712.4636060079
2026-05-14,1,7,-3370.86749999995,-24961.094172723147,-28331.961672723097,-34744.59358972082,7385.106157354823,-70461.66141979874,669813.8072805598,-92212.02421893436,490051.0587069441,27661.404899063808,517712.4636060079
2026-05-15,1,7,-3370.86749999995,-26873.86874999997,-30244.736249999918,-96716.52763404384,7548.626967443258,-134509.89085148703,535303.9164290727,-226721.9150704214,490051.0587069441,27661.404899063808,517712.4636060079
2026-05-18,1,8,-2014.8862500000064,-29634.33749999997,-31649.223749999972,17193.68479869192,2610.335146898912,-17065.874098206965,518238.04233086575,-243787.7891686284,457223.42853044404,74755.61788415007,531979.046414594
2026-05-19,1,10,-2014.8862500000064,-35945.26249999998,-37960.148749999986,34186.1857523199,3293.513196305501,-7067.476193985587,511170.56613688014,-250855.265362614,490050.264861778,78418.09151850251,568468.3563802806
2026-05-20,1,6,-2014.8862500000064,-7745.712499999989,-9760.598749999996,-10143.661148049683,2390.738670213529,-22294.998568263207,488875.56756861694,-273150.2639308772,241521.47155687166,68844.64891470423,310366.1204715759
2026-05-21,1,6,-2014.8862500000064,3458.0375000000113,1443.1512500000047,-8854.828091944533,2696.260534414349,-10107.937376358877,478767.63019225805,-283258.2013072361,241521.47155687166,68844.64891470423,310366.1204715759
2026-05-22,1,7,14357.26499999999,2445.962500000007,16803.227499999997,566.9146645754136,2007.2717328295475,15362.870431745861,494130.50062400394,-267895.3308754902,303591.43076635717,37515.894524664924,341107.3252910221
2026-05-25,1,9,-9355.001033824958,-4223.612499999985,-13578.613533824942,13439.946292839282,2492.1269369578827,-2630.7941779435428,491499.7064460604,-270526.12505343376,360225.8541183634,39155.98252940301,399381.8366477664
2026-05-26,1,10,103128.38300075327,-3747.61249999997,99380.7705007533,-32513.47887977633,3609.3597710145737,63257.931849962384,554757.6382960228,-207268.19320347137,420324.2996387581,39466.350307645705,459790.64994640386
2026-05-27,1,10,146842.1667598691,-4343.862499999967,142498.30425986915,-38689.530534892336,4642.906250343706,99165.86747463311,653923.5057706559,-108102.32572883822,420324.2996387581,39466.350307645705,459790.64994640386
2026-05-29,1,11,-11342.04499999967,16924.69656584923,5582.651565849559,-151957.0855314486,3788.300688038267,-150162.7346536373,503760.77111701865,-258265.0603824755,7691186.631203081,720163.0297175427,8411349.660920624
2026-06-01,1,11,-11342.04499999967,27770.762500000015,16428.717500000344,-427085.09555411246,5061.099691629837,-415717.47774574196,88043.2933712767,-673982.5381282174,7691186.631203081,720163.0297175427,8411349.660920624
2026-06-02,1,11,-11342.04499999967,23297.01250000002,11954.967500000348,-98601.79965243478,10092.74958785178,-96739.58174028622,-8696.288369009519,-770722.1198685037,7691186.631203081,720163.0297175427,8411349.660920624
2026-06-03,1,11,-11342.04499999967,16844.50625000002,5502.4612500003495,-191634.1752254048,13987.486320561891,-200119.20029596635,-208815.48866497586,-970841.32016447,7768092.759032065,724579.6805835539,8492672.439615618
2026-06-04,1,11,-11342.04499999967,13945.75625000002,2603.711250000349,-154891.29025581077,15176.859305963013,-167464.43831177344,-376279.9269767493,-1138305.7584762434,7768092.759032065,724579.6805835539,8492672.439615618
2026-06-05,1,11,-2108.9250000000106,17190.756250000017,15081.831250000007,-51750.47580502929,3064.2613395955104,-39732.9058946248,-416012.8328713741,-1178038.6643708684,563437.9913687917,35954.75515837702,599392.7465271687
2026-06-08,1,11,-2108.9250000000106,16117.006250000017,14008.081250000007,-42231.78493400943,4525.364511399442,-32749.06819540887,-448761.90106678294,-1210787.732566277,563437.9913687917,35954.75515837702,599392.7465271687
2026-06-09,1,11,-2108.9250000000106,19219.50625000002,17110.58125000001,-79693.82224870333,5130.452695585122,-67713.69369428845,-516475.5947610714,-1278501.4262605654,563437.9913687917,35954.75515837702,599392.7465271687
2026-06-10,1,11,-2108.9250000000106,12024.506250000026,9915.581250000016,-94105.35656085204,6592.902601049652,-90782.67791190167,-607258.2726729731,-1369284.1041724673,563437.9913687917,35954.75515837702,599392.7465271687
2026-06-11,1,11,-2108.9250000000106,914.5062500000217,-1194.4187499999884,-86073.58607739645,8542.537422451987,-95810.54224984843,-703068.8149228215,-1465094.6464223156,563437.9913687917,35954.75515837702,599392.7465271687
2026-06-12,1,10,-11644.359999999837,-1253.7749999999874,-12898.134999999824,-105291.77564526777,11120.1388194376,-129310.0494647052,-832378.8643875266,-1594404.6958870208,7132027.052766217,482230.42226192926,7614257.475028146
2026-06-15,1,8,-11644.359999999837,-8255.506249999986,-19899.866249999825,-294981.15066636616,16827.43249463002,-331708.44941099605,-1164087.3137985226,-1926113.1452980167,7124268.066993108,480377.31047763565,7604645.377470743
2026-06-16,1,6,-11644.359999999837,14254.218750000013,2609.8587500001754,-642015.1143592878,21008.328000376532,-660413.5836096642,-1824500.897408187,-2586526.728907681,7049064.378799969,476545.36911504285,7525609.747915013
2026-06-17,1,5,-11644.359999999837,14892.618750000003,3248.258750000166,-952121.919665826,22342.725489983422,-971216.3864058093,-2795717.2838139962,-3557743.1153134904,6965883.178874245,474542.69846094283,7440425.877335187
2026-06-18,1,5,-11644.359999999837,14892.618750000003,3248.258750000166,-1266019.3910364248,23334.89466532731,-1286106.026951752,-4081823.310765748,-4843849.142265242,6965883.178874245,474542.69846094283,7440425.877335187
2026-06-19,1,5,31990.139999999996,14892.618750000003,46882.75875,-51903.67543945348,2843.6179716869983,-7864.5346611404775,-4089687.845426888,-4851713.676926382,400024.5783246736,26175.513340584836,426200.09166525846
2026-06-22,1,4,31990.139999999996,14992.118750000003,46982.25875,-1645.2158192211064,3146.8793064940996,42190.163624284796,-4047497.6818026034,-4809523.513302097,343404.7983322008,22419.422720108647,365824.2210523095
2026-06-23,1,4,31990.139999999996,632.7187500000045,32622.85875,-42525.859207403926,5579.727463605908,-15482.727921009835,-4062980.4097236134,-4825006.241223108,289813.9782857295,22045.290505955225,311859.2687916847
2026-06-24,1,2,31990.139999999996,230.64999999999804,32220.789999999994,-64448.94886827861,5630.738595032109,-37858.89746331073,-4100839.307186924,-4862865.1386864185,189680.61954596636,19806.017125338203,209486.63667130456
2026-06-25,1,3,31990.139999999996,518.9875000000079,32509.127500000002,-30713.094203759447,5823.299483480624,-4027.2661872400686,-4104866.573374164,-4866892.404873658,283118.9004033806,25900.862482968143,309019.7628863488
2026-06-29,0,3,0.0,3536.487500000002,3536.487500000002,-2582.0622733821865,260.1102262974589,694.3150003203566,-4104172.2583738435,-4866198.089873338,126010.13306179486,7248.966326823498,133259.09938861837
2026-06-30,0,3,0.0,4136.4875,4136.4875,-920.6449116041717,369.9331439358795,2845.909444459949,-4101326.3489293833,-4863352.1804288775,126010.13306179486,7248.966326823498,133259.09938861837
2026-07-01,0,3,0.0,5711.487500000007,5711.487500000007,-5.539582149660873,431.77318409768907,5274.174733752657,-4096052.1741956305,-4858078.005695125,126010.13306179486,7248.966326823498,133259.09938861837
2026-07-02,0,3,0.0,5411.487500000002,5411.487500000002,1307.3916347374243,507.5508418934834,6211.328292843943,-4089840.8459027866,-4851866.67740228,126010.13306179486,7248.966326823498,133259.09938861837
2026-07-03,0,3,0.0,6986.487500000003,6986.487500000003,-3704.202008221769,621.5918393935972,2660.6936523846366,-4087180.152250402,-4849205.983749896,126010.13306179486,7248.966326823498,133259.09938861837
2026-07-06,0,3,0.0,8673.987500000008,8673.987500000008,-7410.2672739692,711.1596192146397,552.5606068161688,-4086627.591643586,-4848653.4231430795,126010.13306179486,7248.966326823498,133259.09938861837
2026-07-07,0,3,0.0,8673.987500000008,8673.987500000008,-7029.347807614901,794.8048059623984,849.8348864227087,-4085777.756757163,-4847803.588256657,126010.13306179486,7248.966326823498,133259.09938861837
2026-07-08,0,3,0.0,8673.987500000008,8673.987500000008,2632.4962879486375,943.2130514251941,10363.270736523451,-4075414.4860206395,-4837440.317520134,126010.13306179486,7248.966326823498,133259.09938861837
2026-07-09,0,3,0.0,9091.614887939377,9091.614887939377,-479.0393965702351,1072.3850116429871,7540.190479726154,-4067874.2955409135,-4829900.127040408,126010.13306179486,7248.966326823498,133259.09938861837
2026-07-10,0,3,0.0,13061.483684703424,13061.483684703424,1098.3843518790454,1137.2061916530017,13022.661844929467,-4054851.633695984,-4816877.465195478,126010.13306179486,7248.966326823498,133259.09938861837
2026-07-13,0,4,0.0,12731.08125000001,12731.08125000001,6678.585897859671,1227.1182648331142,18182.548883026568,-4036669.0848129573,-4798694.9163124515,159189.24765341415,8997.536338137656,168186.7839915518
2026-07-14,1,4,-5089.889999999973,7471.081250000008,2381.1912500000353,5659.214123807257,2043.8141765941914,5996.591197213102,-4030672.493615744,-4792698.325115238,258801.63091771223,26670.699700741276,285472.3306184535
2026-07-15,1,4,16802.110000000008,13769.831250000008,30571.941250000018,-2407.9821843470827,2469.501311225299,25694.457754427636,-4004978.0358613166,-4767003.867360811,258801.63091771223,26670.699700741276,285472.3306184535
2026-07-16,1,4,36276.11000000003,17589.83125000001,53865.94125000004,-8763.955862423682,2568.8162348043693,42533.16915277199,-3962444.8667085445,-4724470.698208039,258801.63091771223,26670.699700741276,285472.3306184535
2026-07-17,1,4,1634.587499999995,21914.83125000001,23549.418750000004,-2831.619120821186,2257.09110692939,18460.708522249428,-3943984.158186295,-4706009.989685789,273462.8533344424,31065.980075840813,304528.83341028326
2026-07-20,1,6,51489.58750000002,16600.30625000001,68089.89375000003,-21423.79148289364,6253.028637618258,40413.073629488135,-3903571.084556807,-4665596.916056301,326127.28154010477,32770.34266778775,358897.6242078925
2026-07-21,0,5,0.0,16329.40625000002,16329.40625000002,-9672.357575557231,1515.3582685297183,5141.69040591307,-3898429.3941508937,-4660455.225650388,199753.8993044945,10214.0350599637,209967.9343644582
2026-07-22,1,3,-2261.8537499999748,-1848.6812499999917,-4110.534999999966,-205.30542525593387,1423.1565468885065,-5738.996972144407,-3904168.3911230383,-4666194.222622532,242822.82946832568,85627.317274909,328450.14674323465
2026-07-23,1,4,-2261.8537499999748,-1489.0249999999921,-3750.878749999967,2648.952727967295,2796.4949036800044,-3898.4209257126768,-3908066.812048751,-4670092.643548245,246149.7152644404,86182.84790582139,332332.5631702618
2026-07-24,1,4,-2261.8537499999748,4107.225000000006,1845.3712500000315,-6797.15700399937,4348.407567984296,-9300.193321983636,-3917367.0053707347,-4679392.836870229,246149.7152644404,86182.84790582139,332332.5631702618
2026-07-27,1,4,-2261.8537499999748,12511.293750000004,10249.440000000031,-87652.05016033954,4693.479747791607,-82096.0899081311,-3999463.0952788657,-4761488.926778359,258791.03381151514,87141.63669441493,345932.6705059301
2026-07-28,1,6,-2261.8537499999748,12665.718750000005,10403.865000000033,-103258.52363487988,5312.9003222716765,-98167.55895715152,-4097630.6542360173,-4859656.485735511,313624.52816924994,87330.75691116949,400955.2850804194
2026-07-29,1,7,-14004.704999999505,12893.531250000005,-1111.1737499994977,-21363.87128167914,4072.1548127868646,-26547.199844465504,-4124177.854080483,-4886203.685579977,8079208.008226372,430877.0438645241,8510085.052090896
2026-07-30,1,6,-14004.704999999505,13667.306250000009,-337.3987499994955,-33736.35850847162,7922.911355035256,-41996.66861350637,-4166174.5226939893,-4928200.3541934835,8063239.803883183,429362.72444501816,8492602.5283282
2026-07-31,1,6,-14004.704999999505,38091.05625,24086.3512500005,-81290.76957336314,13703.498594358305,-70907.91691772094,-4237082.439611711,-4999108.271111205,8063239.803883183,429362.72444501816,8492602.5283282
2026-08-03,1,7,-14004.704999999505,36131.90625,22127.2012500005,-796983.0436265867,20625.419664402143,-795481.2620409883,-5032563.701652699,-5794589.533152193,8176949.64741653,434928.20807678887,8611877.85549332
2026-08-04,1,8,-14004.704999999505,36801.13125000001,22796.426250000506,-422654.72516435257,41933.72240332852,-441792.0213176806,-5474355.7229703795,-6236381.554469874,8256094.843869425,435828.22358975856,8691923.067459185
2026-08-05,1,8,-14004.704999999505,35294.88125000001,21290.176250000506,-485614.64031988685,43298.915938996935,-507623.3800088833,-5981979.102979263,-6744004.934478758,8256094.843869425,435828.22358975856,8691923.067459185
2026-08-06,1,8,8054.75124999998,34557.7886196664,42612.539869666376,-36875.40880621692,2257.8024307647406,3479.328632684718,-5978499.774346579,-6740525.6058460735,504850.4020832755,20106.7910178237,524957.1931010992
2026-08-07,1,8,26349.00124999996,39622.18477872385,65971.18602872381,-36412.916667971396,3161.496946281466,26396.772414470946,-5952103.001932108,-6714128.8334316015,504850.4020832755,20106.7910178237,524957.1931010992
2026-08-10,1,6,61036.25124999997,17230.761261454732,78267.0125114547,-18334.56664754208,3373.9721291102014,56558.473734802414,-5895544.528197305,-6657570.3596968,420480.1445592104,18250.99511656688,438731.1396757773
2026-08-11,1,6,82372.50124999997,19586.25201195318,101958.75326195316,-20897.845008019307,4887.728086548901,76173.18016738495,-5819371.34802992,-6581397.179529414,420480.1445592104,18250.99511656688,438731.1396757773
2026-08-12,1,6,82372.50124999997,21048.520381695165,103421.02163169514,-14372.231850103437,6570.61659550384,82478.17318608786,-5736893.174843832,-6498919.006343326,420480.1445592104,18250.99511656688,438731.1396757773
2026-08-13,0,6,0.0,21914.619424096854,21914.619424096854,-27084.382162394228,1425.118856657293,-6594.881594954666,-5743488.056438787,-6505513.8879382815,267235.85621547577,9154.062383111941,276389.9185985877
2026-08-14,1,6,-7158.449999999948,21481.67533896825,14323.2253389683,-25680.961390744247,2677.3340653289715,-14035.070117104919,-5757523.126555892,-6519548.958055386,493941.87715778116,31917.745027398618,525859.6221851798
2026-08-17,1,4,67591.55000000005,1795.850000000005,69387.40000000005,-69828.2182633171,5233.533580905229,-5674.35184422228,-5763197.478400114,-6525223.309899608,442521.13745781436,30603.55022363601,473124.6876814504
2026-08-18,1,5,61741.550000000054,2380.49375000001,64122.04375000006,-52461.09669275947,7749.38063370784,3911.5664235327513,-5759285.911976581,-6521311.743476076,476557.5859191341,31255.274275879594,507812.8601950137
2026-08-19,1,4,61741.550000000054,3112.2000000000035,64853.75000000006,27562.923229497872,8754.697275597779,83661.97595390015,-5675623.936022681,-6437649.767522175,339809.89255363087,25788.0517548295,365597.9443084604
2026-08-20,1,5,61741.550000000054,5916.399999999997,67657.95000000006,-80858.1112684052,9494.134120290753,-22694.295388695904,-5698318.231411377,-6460344.062910872,381190.4839986548,25890.282724388937,407080.76672304375
2026-08-21,1,5,61741.550000000054,7565.150000000007,69306.70000000006,-91409.05934112545,9576.701590610199,-31679.060931735596,-5729997.292343113,-6492023.123842606,381190.4839986548,25890.282724388937,407080.76672304375
2026-08-24,1,5,-4711.167499999961,3388.900000000004,-1322.2674999999572,-4256.415302467487,1923.6749786493822,-7502.357781116826,-5737499.6501242295,-6499525.481623724,332673.0672872678,35505.403092833825,368178.47038010164
2026-08-25,1,5,23963.582499999964,2372.6500000000033,26336.232499999966,-13403.446405155895,3374.6608393919223,9558.125255452149,-5727941.524868777,-6489967.356368272,332673.0672872678,35505.403092833825,368178.47038010164
2026-08-26,1,5,64572.3325,2782.650000000008,67354.9825,-49776.86233304055,5789.79483396562,11788.325332993825,-5716153.199535783,-6478179.031035278,332673.0672872678,35505.403092833825,368178.47038010164
2026-08-27,1,5,76616.8325,1850.1499999999978,78466.9825,-37226.60502290232,8188.885902367965,33051.49157472972,-5683101.707961054,-6445127.539460547,332673.0672872678,35505.403092833825,368178.47038010164
2026-08-28,1,6,127667.83249999999,4136.400000000005,131804.23249999998,-79378.82103083274,9869.21456672776,42556.196902439486,-5640545.511058614,-6402571.342558108,413071.48859400186,37002.01452589419,450073.5031198961
2026-08-31,1,7,4080.4399999999896,2760.6000000000076,6841.039999999997,3917.305088053355,1846.948889389335,8911.396198664017,-5631634.11485995,-6393659.946359444,492851.43803350994,58760.83744229823,551612.2754758082
2026-09-01,1,7,39024.44000000002,8578.38125000001,47602.82125000002,-174.18979473603758,4333.480201387082,43095.1512538769,-5588538.963606073,-6350564.795105567,563660.8044284933,61214.5328310597,624875.3372595529
2026-09-02,1,6,42352.44,5239.181250000003,47591.621250000004,-60455.91710036645,6967.806992698225,-19832.102843064673,-5608371.066449137,-6370396.897948632,471446.8863387198,49613.22544926708,521060.11178798694
2026-09-03,1,7,91024.44000000002,4347.981250000005,95372.42125000001,-83835.12703658036,7275.530007781482,4261.764205638167,-5604109.302243499,-6366135.133742994,567432.4998101379,62202.88678986563,629635.3866000036
2026-09-04,0,6,0.0,-3486.6437499999956,-3486.6437499999956,24265.73987054359,1261.658806857868,19517.43731368573,-5584591.864929813,-6346617.696429307,390376.656413045,19230.903271531788,409607.5596845768
2026-09-07,0,8,0.0,4834.425000000012,4834.425000000012,19463.42105114144,1433.628479964626,22864.217571176825,-5561727.647358636,-6323753.47885813,525365.5061092358,23932.944885368575,549298.4509946044
2026-09-08,0,8,0.0,1215.6750000000138,1215.6750000000138,14228.389424040564,1587.36250266629,13856.701921374288,-5547870.945437262,-6309896.776936756,525365.5061092358,23932.944885368575,549298.4509946044
2026-09-09,1,7,-1800.5812499999863,-1790.5749999999844,-3591.156249999971,1571.2194581232263,4430.1065268908,-6450.043318767544,-5554320.988756029,-6316346.820255524,624201.8981355362,167771.74177098126,791973.6399065176
2026-09-10,1,7,-1800.5812499999863,-128.07499999998447,-1928.656249999971,-21260.389480792604,5316.723345057407,-28505.76907584998,-5582826.757831879,-6344852.589331374,624201.8981355362,167771.74177098126,791973.6399065176
2026-09-11,1,7,-22575.15000000007,-698.0749999999827,-23273.225000000053,-13076.935207650138,3240.963056314469,-39591.123263964655,-5622417.881095843,-6384443.712595338,627506.4138032837,97984.03338789538,725490.447191179
2026-09-15,1,8,153617.09999999998,-3999.8749999999764,149617.225,1087.7657341907989,6326.809195493105,144378.18153869768,-5478039.699557146,-6240065.531056641,669577.4339894706,99212.99700972762,768790.4309991982
2026-09-16,1,8,146655.59999999998,-2971.124999999978,143684.475,-35869.35255769138,7477.951961075729,100337.1704812329,-5377702.529075913,-6139728.360575408,669577.4339894706,99212.99700972762,768790.4309991982
2026-09-17,1,8,147539.59999999998,-4527.374999999978,143012.225,-46299.08979086713,7563.949450079643,89149.18575905323,-5288553.34331686,-6050579.174816353,669577.4339894706,99212.99700972762,768790.4309991982
