trade_id,book,symbol,side,expiry,K,lots,lot,entry_ts,exit_ts,exit_reason,dte_entry,fill_source,hedge_frequency,hedge_underlying,ce_sym,pe_sym,ce_open_mid,pe_open_mid,ce_open_fill,pe_open_fill,ce_close_mid,pe_close_mid,straddle_open,straddle_close,pnl_opt,pnl_hedge,costs,pnl,iv_entry,rv_forecast,vrp_var,vrp_pts,rv_windows,sold_var,path_real_var,remaining_var,notes
index-long-NIFTY-2026042410-2026-05-05,index,NIFTY,long,2026-05-05,24000.0,46,65,2026-04-24 10:00:00,2026-05-04 10:00:00,weekly_roll,11,mid+slip/mid+slip,1h,spot_as_fut_proxy,NSE-NIFTY-05May26-24000-CE,NSE-NIFTY-05May26-24000-PE,525.45,386.45,528.0772499999999,388.38224999999994,525.45,386.45,916.4594999999999,907.3405,-27265.809999999743,634698.7969973095,38652.62394026306,568780.3630570468,0.16546638251106313,0.18111479100747885,-0.005423443780385284,-1.5648408496415716,"5,20",0.000841737833479314,0.0005483532976487195,0.00029338453583059446,"ATM-F K=24000.00 long lots=46 hedge=1h/spot_as_fut_proxy windows=[5, 20]"
stock-short-BAJFINANCE-2026050410-2026-05-26,stock,BAJFINANCE,short,2026-05-26,960.0,1,125,2026-05-04 10:00:00,2026-05-05 09:00:00,running_hot,22,mid+slip/mid+slip,1h,BAJFINANCE_spot_proxy,NSE-BAJFINANCE-26May26-960-CE,NSE-BAJFINANCE-26May26-960-PE,28.35,28.0,28.20825,27.86,19.95,39.85,56.06825,60.099,-503.8437499999997,-175.75742731528715,25.589635349415026,-705.1908126647019,0.2995653438621776,0.23554423059728116,0.034258310675599535,6.402111326489643,"5,20",0.005461552288647241,0.0005303123953744738,0.004931239893272767,"ATM-F K=960.00 short lots=1 hedge=1h/BAJFINANCE_spot_proxy windows=[5, 20]"
index-short-NIFTY-2026050410-2026-05-12,index,NIFTY,short,2026-05-12,24250.0,9,65,2026-05-04 10:00:00,2026-05-07 14:00:00,iv_crush,8,mid+slip/mid+slip,1h,spot_as_fut_proxy,NSE-NIFTY-12May26-24250-CE,NSE-NIFTY-12May26-24250-PE,659.9,261.0,656.6005,259.695,659.9,261.0,916.2955,925.5044999999999,-5387.2649999999685,-55236.89791791128,4409.743433057288,-65033.90635096854,0.2163407603999423,0.14491598430679054,0.025802682102819278,7.142477609315176,"5,20",0.0010544896886332403,0.0002450599912406506,0.0008094296973925897,"ATM-F K=24250.00 short lots=9 hedge=1h/spot_as_fut_proxy windows=[5, 20]"
index-short-NIFTY-2026050810-2026-05-19,index,NIFTY,short,2026-05-19,24200.0,11,65,2026-05-08 10:00:00,2026-05-15 10:00:00,weekly_roll,11,mid+slip/mid+slip,1h,spot_as_fut_proxy,NSE-NIFTY-19May26-24200-CE,NSE-NIFTY-19May26-24200-PE,496.65,446.25,494.16675,444.01875,496.65,446.25,938.1855,947.6144999999999,-6741.7349999999,-98032.77638367105,6541.868485596131,-111316.37986926708,0.156048017738831,0.11824190448992306,0.01036983586281443,3.780611324890795,"5,20",0.0007486413580810963,0.0005101280560932766,0.00023851330198781972,"ATM-F K=24200.00 short lots=11 hedge=1h/spot_as_fut_proxy windows=[5, 20]"
stock-long-HDFCBANK-2026042410-2026-05-26,stock,HDFCBANK,long,2026-05-26,790.0,1,550,2026-04-24 10:00:00,2026-05-19 10:00:00,monthly_roll,32,mid+slip/mid+slip,1h,HDFCBANK_spot_proxy,NSE-HDFCBANK-26May26-790-CE,NSE-HDFCBANK-26May26-790-PE,24.55,23.55,24.672749999999997,23.667749999999998,4.8,38.0,48.34049999999999,42.586,-3164.9749999999963,11348.352902737828,376.4223956631948,7806.955507074636,0.25828881521111974,0.2950060314653083,-0.0203154465377465,-3.6717216254188556,"5,20",0.005886674900850711,0.004527763111005406,0.0013589117898453046,"ATM-F K=790.00 long lots=1 hedge=1h/HDFCBANK_spot_proxy windows=[5, 20]"
stock-long-ICICIBANK-2026042710-2026-05-26,stock,ICICIBANK,long,2026-05-26,1330.0,1,700,2026-04-27 10:00:00,2026-05-19 10:00:00,monthly_roll,29,mid+slip/mid+slip,1h,ICICIBANK_spot_proxy,NSE-ICICIBANK-26May26-1330-CE,NSE-ICICIBANK-26May26-1330-PE,32.9,34.9,33.064499999999995,35.07449999999999,18.95,50.9,68.13899999999998,69.50075,953.2250000000104,-14563.901195633014,495.08922047015164,-14105.765416103157,0.22790949491347323,0.27746705093121726,-0.025045226480752233,-4.955755601774403,"5,20",0.004156722634840031,0.0023256959729518172,0.0018310266618882139,"ATM-F K=1330.00 long lots=1 hedge=1h/ICICIBANK_spot_proxy windows=[5, 20]"
stock-short-KOTAKBANK-2026042710-2026-05-26,stock,KOTAKBANK,short,2026-05-26,380.0,1,400,2026-04-27 10:00:00,2026-05-19 10:00:00,monthly_roll,29,mid+slip/mid+slip,1h,KOTAKBANK_spot_proxy,NSE-KOTAKBANK-26May26-380-CE,NSE-KOTAKBANK-26May26-380-PE,12.3,12.9,12.2385,12.8355,14.0,2.4,25.073999999999998,16.482,3436.7999999999993,-3385.846165811327,136.62536636400552,-85.6715321753332,0.2957102997360842,0.24048212464576868,0.02961292909586173,5.522817509031553,"5,20",0.006997761103246445,0.004136091703756407,0.002861669399490038,"ATM-F K=380.00 short lots=1 hedge=1h/KOTAKBANK_spot_proxy windows=[5, 20]"
stock-long-RELIANCE-2026042710-2026-05-26,stock,RELIANCE,long,2026-05-26,1340.0,1,500,2026-04-27 10:00:00,2026-05-19 10:00:00,monthly_roll,29,mid+slip/mid+slip,1h,RELIANCE_spot_proxy,NSE-RELIANCE-26May26-1340-CE,NSE-RELIANCE-26May26-1340-PE,40.5,34.9,40.70249999999999,35.07449999999999,20.85,17.95,75.77699999999999,38.606,-18585.499999999993,14216.483989744997,410.0977732618564,-4779.113783516853,0.24997708319162185,0.2805453425776306,-0.01621714712100908,-3.056825938600874,"5,20",0.005000651642468082,0.0029525263005026644,0.002048125341965418,"ATM-F K=1340.00 long lots=1 hedge=1h/RELIANCE_spot_proxy windows=[5, 20]"
stock-long-AXISBANK-2026042810-2026-05-26,stock,AXISBANK,long,2026-05-26,1320.0,1,625,2026-04-28 10:00:00,2026-05-19 10:00:00,monthly_roll,28,mid+slip/mid+slip,1h,AXISBANK_spot_proxy,NSE-AXISBANK-26May26-1320-CE,NSE-AXISBANK-26May26-1320-PE,33.55,39.7,33.717749999999995,39.8985,16.75,53.25,73.61625,69.65,-2478.9062499999927,3822.7951560476286,580.4612308042288,763.4276752434071,0.2549262207298445,0.32955992219176267,-0.043622364299439276,-7.463370146191817,"5,20",0.005022695483181604,0.004059773477228096,0.0009629220059535083,"ATM-F K=1320.00 long lots=1 hedge=1h/AXISBANK_spot_proxy windows=[5, 20]"
stock-long-INFY-2026042810-2026-05-26,stock,INFY,long,2026-05-26,1160.0,1,400,2026-04-28 10:00:00,2026-05-19 10:00:00,monthly_roll,28,mid+slip/mid+slip,1h,INFY_spot_proxy,NSE-INFY-26May26-1160-CE,NSE-INFY-26May26-1160-PE,39.25,37.95,39.44625,38.13975,16.45,38.75,77.586,54.924,-9064.8,15563.46644872263,329.96977939051413,6168.696669332116,0.3006443852505816,0.5176582513689009,-0.177583018827608,-21.701386611831925,"5,20",0.006985765905119706,0.005659040089452364,0.0013267258156673426,"ATM-F K=1160.00 long lots=1 hedge=1h/INFY_spot_proxy windows=[5, 20]"
stock-long-TCS-2026043010-2026-05-26,stock,TCS,long,2026-05-26,2480.0,1,175,2026-04-30 10:00:00,2026-05-19 10:00:00,monthly_roll,26,mid+slip/mid+slip,1h,TCS_spot_proxy,NSE-TCS-26May26-2480-CE,NSE-TCS-26May26-2480-PE,45.0,103.1,45.224999999999994,103.61549999999998,36.0,94.55,148.84049999999996,129.89724999999999,-3315.0687499999963,2678.107550196768,216.17774449355045,-853.1389442967787,0.2740088045360413,0.3671283973290076,-0.05970243516209518,-9.311959279296628,"5,20",0.005391670010766459,0.004449689680586989,0.00094198033017947,"ATM-F K=2480.00 long lots=1 hedge=1h/TCS_spot_proxy windows=[5, 20]"
index-short-NIFTY-2026051810-2026-05-26,index,NIFTY,short,2026-05-26,23500.0,9,65,2026-05-18 10:00:00,2026-05-21 11:00:00,iv_crush,8,mid+slip/mid+slip,1h,spot_as_fut_proxy,NSE-NIFTY-26May26-23500-CE,NSE-NIFTY-26May26-23500-PE,333.75,355.1,332.08125,353.3245,333.75,355.1,685.40575,692.2942499999999,-4029.7724999999464,-4755.835667377327,3600.2002775979017,-12385.808444975175,0.2249339479195012,0.14827365454657504,0.028610204294055797,7.666029337292615,"5,20",0.0011399233382402398,0.0001320770385042992,0.0010078462997359407,"ATM-F K=23500.00 short lots=9 hedge=1h/spot_as_fut_proxy windows=[5, 20]"
index-short-NIFTY-2026052210-2026-06-02,index,NIFTY,short,2026-06-02,23850.0,12,65,2026-05-22 10:00:00,2026-05-29 10:00:00,weekly_roll,11,mid+slip/mid+slip,1h,spot_as_fut_proxy,NSE-NIFTY-02Jun26-23850-CE,NSE-NIFTY-02Jun26-23850-PE,231.65,277.0,230.49175,275.615,192.95,87.25,506.10675000000003,281.60099999999994,175114.48500000007,-44895.670679800736,4337.527666700889,125881.28665349845,0.14735231943796248,0.08522542212313514,0.014449333467680766,6.212689731482735,"5,20",0.0006675307185477877,0.00014646181858285245,0.0005210688999649352,"ATM-F K=23850.00 short lots=12 hedge=1h/spot_as_fut_proxy windows=[5, 20]"
stock-short-TCS-2026052510-2026-06-30,stock,TCS,short,2026-06-30,2320.0,1,175,2026-05-25 10:00:00,2026-06-02 09:00:00,running_hot,36,mid+slip/mid+slip,1h,TCS_spot_proxy,NSE-TCS-30Jun26-2320-CE,NSE-TCS-30Jun26-2320-PE,65.3,84.1,64.9735,83.67949999999999,120.6,30.3,148.653,151.65449999999998,-525.2624999999988,-3386.383878573433,175.71767189328358,-4087.3640504667155,0.25759795905324306,0.17388004860163678,0.036122437206688715,8.371791045160629,"5,20",0.006581925399047521,0.003016473129057621,0.0035654522699899004,"ATM-F K=2320.00 short lots=1 hedge=1h/TCS_spot_proxy windows=[5, 20]"
stock-short-ITC-2026051910-2026-06-30,stock,ITC,short,2026-06-30,310.0,1,1600,2026-05-19 10:00:00,2026-06-03 09:00:00,em_stress,42,mid+slip/mid+slip,1h,ITC_spot_proxy,NSE-ITC-30Jun26-310-CE,NSE-ITC-30Jun26-310-PE,11.6,6.6,11.542,6.566999999999999,5.3,8.65,18.108999999999998,14.019749999999998,6542.799999999999,23088.184246602108,244.53341071625078,29386.450835885855,0.22292029685299647,0.1562941937851746,0.025265583738070356,6.662610306782188,"5,20",0.005745416431911926,0.0023885246690638247,0.0033568917628481014,"ATM-F K=310.00 short lots=1 hedge=1h/ITC_spot_proxy windows=[5, 20]"
stock-long-INFY-2026052510-2026-06-30,stock,INFY,long,2026-06-30,1180.0,1,400,2026-05-25 10:00:00,2026-06-03 09:00:00,variance_harvest,36,mid+slip/mid+slip,1h,INFY_spot_proxy,NSE-INFY-30Jun26-1180-CE,NSE-INFY-30Jun26-1180-PE,36.0,45.3,36.17999999999999,45.52649999999999,50.8,24.2,81.70649999999998,74.625,-2832.599999999991,13107.374944988094,242.0538748369383,10032.721070151165,0.27490820533707955,0.31908658335979656,-0.026241726318574507,-4.417837802271701,"5,20",0.007496240739671237,0.007882319373407796,-0.0003860786337365595,"ATM-F K=1180.00 long lots=1 hedge=1h/INFY_spot_proxy windows=[5, 20]"
index-long-NIFTY-2026052910-2026-06-09,index,NIFTY,long,2026-06-09,23950.0,58,65,2026-05-29 10:00:00,2026-06-05 10:00:00,weekly_roll,11,mid+slip/mid+slip,1h,spot_as_fut_proxy,NSE-NIFTY-09Jun26-23950-CE,NSE-NIFTY-09Jun26-23950-PE,396.85,204.85,398.83425,205.87424999999996,396.85,204.85,604.7085,598.6915,-22684.08999999977,-151711.8730083414,32612.914671098195,-207008.87767943938,0.1312586372325724,0.1421101589660516,-0.0029664674332044137,-1.0851521733479197,"5,20",0.000529679402701001,0.0003766229935265379,0.00015305640917446313,"ATM-F K=23950.00 long lots=58 hedge=1h/spot_as_fut_proxy windows=[5, 20]"
stock-short-AXISBANK-2026052010-2026-06-30,stock,AXISBANK,short,2026-06-30,1240.0,1,625,2026-05-20 10:00:00,2026-06-11 15:00:00,iv_crush,41,mid+slip/mid+slip,1h,AXISBANK_spot_proxy,NSE-AXISBANK-30Jun26-1240-CE,NSE-AXISBANK-30Jun26-1240-PE,45.65,36.1,45.421749999999996,35.9195,90.0,9.6,81.34125,100.09799999999998,-11722.968749999989,10824.682244743995,594.2351002617226,-1492.5216055177161,0.24595077232835677,0.16065942790422522,0.03468033063440225,8.529134442413156,"5,20",0.006828270441891579,0.0027530686648767006,0.004075201777014878,"ATM-F K=1240.00 short lots=1 hedge=1h/AXISBANK_spot_proxy windows=[5, 20]"
stock-short-BAJFINANCE-2026051810-2026-06-30,stock,BAJFINANCE,short,2026-06-30,900.0,1,125,2026-05-18 10:00:00,2026-06-12 09:00:00,iv_crush,43,mid+slip/mid+slip,1h,BAJFINANCE_spot_proxy,NSE-BAJFINANCE-30Jun26-900-CE,NSE-BAJFINANCE-30Jun26-900-PE,35.5,35.25,35.3225,35.07375,12.0,44.8,70.39625,57.08399999999999,1664.0312500000007,-2868.5184918425484,87.45628575418208,-1291.9435275967298,0.31408427078648615,0.27139374998228494,0.024994361626031775,4.2690520804201215,"5,20",0.011675594797947664,0.004950862630737398,0.006724732167210265,"ATM-F K=900.00 short lots=1 hedge=1h/BAJFINANCE_spot_proxy windows=[5, 20]"
stock-short-KOTAKBANK-2026052010-2026-06-30,stock,KOTAKBANK,short,2026-06-30,380.0,1,400,2026-05-20 10:00:00,2026-06-12 09:00:00,iv_crush,41,mid+slip/mid+slip,1h,KOTAKBANK_spot_proxy,NSE-KOTAKBANK-30Jun26-380-CE,NSE-KOTAKBANK-30Jun26-380-PE,14.45,11.95,14.377749999999999,11.89025,8.4,9.0,26.268,17.487,3512.400000000001,117.05632712877298,124.28317682592352,3505.1731503028504,0.25946062648175505,0.22524649526867865,0.016583833063481934,3.4214131213076397,"5,20",0.0075990142161778025,0.002962614454254074,0.004636399761923728,"ATM-F K=380.00 short lots=1 hedge=1h/KOTAKBANK_spot_proxy windows=[5, 20]"
index-short-NIFTY-2026060510-2026-06-16,index,NIFTY,short,2026-06-16,23450.0,12,65,2026-06-05 10:00:00,2026-06-12 10:00:00,weekly_roll,11,mid+slip/mid+slip,1h,spot_as_fut_proxy,NSE-NIFTY-16Jun26-23450-CE,NSE-NIFTY-16Jun26-23450-PE,355.75,185.0,353.97125,184.075,355.75,185.0,538.04625,543.4537499999999,-4217.849999999933,-111500.63298136304,6399.186581736954,-122117.66956309993,0.15248199885347508,0.09633863103770385,0.013969628144132341,5.614336781577123,"5,20",0.0007148163145206071,0.0002840671944044069,0.0004307491201162002,"ATM-F K=23450.00 short lots=12 hedge=1h/spot_as_fut_proxy windows=[5, 20]"
stock-short-ICICIBANK-2026051910-2026-06-30,stock,ICICIBANK,short,2026-06-30,1250.0,1,700,2026-05-19 10:00:00,2026-06-15 09:00:00,em_stress,42,mid+slip/mid+slip,1h,ICICIBANK_spot_proxy,NSE-ICICIBANK-30Jun26-1250-CE,NSE-ICICIBANK-30Jun26-1250-PE,38.75,34.6,38.55625,34.427,99.0,1.2,72.98325,100.701,-19402.424999999996,26518.421053239123,790.195874459789,6325.800178779338,0.21894130346189236,0.15369147915885295,0.02431422359555631,6.524982430303941,"5,20",0.005542142463549388,0.0029157144824517056,0.0026264279810976825,"ATM-F K=1250.00 short lots=1 hedge=1h/ICICIBANK_spot_proxy windows=[5, 20]"
stock-long-ITC-2026060310-2026-06-30,stock,ITC,long,2026-06-30,280.0,1,1600,2026-06-03 10:00:00,2026-06-15 14:00:00,iv_crush_stop,27,mid+slip/mid+slip,1h,ITC_spot_proxy,NSE-ITC-30Jun26-280-CE,NSE-ITC-30Jun26-280-PE,5.15,7.1,5.17575,7.135499999999999,9.25,0.9,12.311249999999998,10.09925,-3539.1999999999966,-2552.3096628249104,202.59793935018286,-6294.10760217509,0.2016888501384063,0.31512405131379284,-0.05862477544626544,-11.343520117538656,"5,20",0.003032549549229371,0.0005826016826508602,0.002449947866578511,"ATM-F K=280.00 long lots=1 hedge=1h/ITC_spot_proxy windows=[5, 20]"
stock-long-BHARTIARTL-2026051910-2026-06-30,stock,BHARTIARTL,long,2026-06-30,1940.0,1,475,2026-05-19 10:00:00,2026-06-16 13:00:00,iv_crush_stop,42,mid+slip/mid+slip,1h,BHARTIARTL_spot_proxy,NSE-BHARTIARTL-30Jun26-1940-CE,NSE-BHARTIARTL-30Jun26-1940-PE,44.3,54.5,44.52149999999999,54.772499999999994,24.2,73.75,99.29399999999998,97.46025,-871.0312499999908,994.9034340345897,464.2803746396876,-340.40819060508863,0.18114955535462307,0.3812742328757497,-0.11255487924981375,-20.012467752112663,"5,20",0.003793995674668897,0.0017317813185523034,0.0020622143561165934,"ATM-F K=1940.00 long lots=1 hedge=1h/BHARTIARTL_spot_proxy windows=[5, 20]"
stock-long-INFY-2026060310-2026-06-30,stock,INFY,long,2026-06-30,1220.0,1,400,2026-06-03 10:00:00,2026-06-19 09:00:00,variance_harvest,27,mid+slip/mid+slip,1h,INFY_spot_proxy,NSE-INFY-30Jun26-1220-CE,NSE-INFY-30Jun26-1220-PE,38.35,31.4,38.54175,31.556999999999995,18.1,51.75,70.09875,69.50075000000001,-239.1999999999939,-32952.065600363836,268.351423321667,-33459.6170236855,0.25809808608202517,0.47827233499077565,-0.16212980437832425,-22.01742489087505,"5,20",0.0049660797972416295,0.009662263636232196,-0.004696183838990567,"ATM-F K=1220.00 long lots=1 hedge=1h/INFY_spot_proxy windows=[5, 20]"
index-long-NIFTY-2026061210-2026-06-23,index,NIFTY,long,2026-06-23,23400.0,56,65,2026-06-12 10:00:00,2026-06-19 10:00:00,weekly_roll,11,mid+slip/mid+slip,1h,spot_as_fut_proxy,NSE-NIFTY-23Jun26-23400-CE,NSE-NIFTY-23Jun26-23400-PE,388.0,251.8,389.93999999999994,253.059,388.0,251.8,642.9989999999999,636.601,-23288.719999999674,-439123.6733110625,28135.227416236114,-490547.6207272983,0.13818106537935462,0.14500202693391254,-0.0019315809855696212,-0.6820961554557914,"5,20",0.0005870219986899558,0.00039254486803605134,0.00019447713065390445,"ATM-F K=23400.00 long lots=56 hedge=1h/spot_as_fut_proxy windows=[5, 20]"
stock-short-LT-2026052210-2026-06-30,stock,LT,short,2026-06-30,4000.0,1,175,2026-05-22 10:00:00,2026-06-22 09:00:00,em_stress,39,mid+slip/mid+slip,1h,LT_spot_proxy,NSE-LT-30Jun26-4000-CE,NSE-LT-30Jun26-4000-PE,107.8,136.0,107.261,135.32,45.85,116.85,242.581,163.51349999999996,13836.812500000004,-3951.9984278698907,674.8454933884977,9209.968578741617,0.2345693424143559,0.12263826424841279,0.03998263254283982,11.193107816594312,"5,20",0.005909644533568583,0.004827635500981464,0.0010820090325871189,"ATM-F K=4000.00 short lots=1 hedge=1h/LT_spot_proxy windows=[5, 20]"
stock-long-TCS-2026060310-2026-06-30,stock,TCS,long,2026-06-30,2280.0,1,175,2026-06-03 10:00:00,2026-06-23 09:00:00,variance_harvest,27,mid+slip/mid+slip,1h,TCS_spot_proxy,NSE-TCS-30Jun26-2280-CE,NSE-TCS-30Jun26-2280-PE,195.55,11.8,196.52775,11.859,195.55,11.8,208.38675,206.31325,-362.8624999999993,-4921.408572416228,269.43786396242365,-5553.708936378651,0.2853487627029831,0.6540466956212521,-0.3463531636769554,-36.869793291826895,"5,20",0.006070103736230506,0.006456102835514521,-0.0003859990992840156,"ATM-F K=2280.00 long lots=1 hedge=1h/TCS_spot_proxy windows=[5, 20]"
stock-long-RELIANCE-2026052610-2026-06-30,stock,RELIANCE,long,2026-06-30,1370.0,1,500,2026-05-26 10:00:00,2026-06-23 10:00:00,monthly_roll,35,mid+slip/mid+slip,1h,RELIANCE_spot_proxy,NSE-RELIANCE-30Jun26-1370-CE,NSE-RELIANCE-30Jun26-1370-PE,39.05,34.55,39.24524999999999,34.72274999999999,17.4,61.05,73.96799999999999,78.05775,2044.8750000000045,10620.630830631368,438.72182093897044,12226.784009692403,0.21959976696404937,0.23068465935284665,-0.004991354410074117,-1.1084892388797285,"5,20",0.004651316534752119,0.0030913608928504694,0.00155995564190165,"ATM-F K=1370.00 long lots=1 hedge=1h/RELIANCE_spot_proxy windows=[5, 20]"
stock-long-SBIN-2026052910-2026-06-30,stock,SBIN,long,2026-06-30,970.0,1,750,2026-05-29 10:00:00,2026-06-23 10:00:00,monthly_roll,32,mid+slip/mid+slip,1h,SBIN_spot_proxy,NSE-SBIN-30Jun26-970-CE,NSE-SBIN-30Jun26-970-PE,27.6,21.5,27.738,21.607499999999998,18.7,29.25,49.3455,47.71025,-1226.4374999999993,-17989.110445219216,517.0722619994139,-19732.620207218628,0.2143192769742368,0.259449221526421,-0.021381146067906254,-4.512994455218422,"5,20",0.00405304403894759,0.0023097166442383006,0.0017433273947092898,"ATM-F K=970.00 long lots=1 hedge=1h/SBIN_spot_proxy windows=[5, 20]"
index-short-NIFTY-2026061910-2026-06-30,index,NIFTY,short,2026-06-30,23950.0,14,65,2026-06-19 10:00:00,2026-06-25 09:00:00,iv_crush,11,mid+slip/mid+slip,1h,spot_as_fut_proxy,NSE-NIFTY-30Jun26-23950-CE,NSE-NIFTY-30Jun26-23950-PE,223.1,186.1,221.9845,185.1695,250.75,121.25,407.154,373.85999999999996,30297.540000000037,-29537.290310658514,8573.366630154278,-7813.116940812755,0.12207839292755082,0.11115625634572372,0.002547420694977246,1.09221365818271,"5,20",0.0004581787153010445,0.00018482484113744116,0.0002733538741636033,"ATM-F K=23950.00 short lots=14 hedge=1h/spot_as_fut_proxy windows=[5, 20]"
stock-short-SBIN-2026062310-2026-07-28,stock,SBIN,short,2026-07-28,1040.0,1,750,2026-06-23 10:00:00,2026-06-25 09:00:00,running_hot,35,mid+slip/mid+slip,1h,SBIN_spot_proxy,NSE-SBIN-28Jul26-1040-CE,NSE-SBIN-28Jul26-1040-PE,30.15,25.25,29.99925,25.12375,35.8,19.65,55.123000000000005,55.727249999999984,-453.1874999999843,-844.7497847722439,182.0498553834823,-1479.9871401557104,0.21591645790132152,0.20805395834372797,0.003333467210159452,0.786249955759355,"5,20,60",0.004496593617178672,0.0005080007359287761,0.003988592881249896,"ATM-F K=1040.00 short lots=1 hedge=1h/SBIN_spot_proxy windows=[5, 20, 60]"
index-short-NIFTY-2026071410-2026-07-28,index,NIFTY,short,2026-07-28,24200.0,8,65,2026-07-14 10:00:00,2026-07-16 10:00:00,iv_crush,14,mid+slip/mid+slip,1h,spot_as_fut_proxy,NSE-NIFTY-28Jul26-24200-CE,NSE-NIFTY-28Jul26-24200-PE,205.15,292.5,204.12425000000002,291.0375,212.7,212.7,495.16175000000004,427.52699999999993,35170.07000000006,-9107.120572566084,1298.8018478588376,24764.147579575136,0.18658341803674017,0.14829240027751597,0.012822735906205914,3.8291017759224193,"5,20,60",0.001356236196573375,6.968565080776503e-05,0.00128655054576561,"ATM-F K=24200.00 short lots=8 hedge=1h/spot_as_fut_proxy windows=[5, 20, 60]"
stock-short-ITC-2026062310-2026-07-28,stock,ITC,short,2026-07-28,292.5,1,1600,2026-06-23 10:00:00,2026-07-20 09:00:00,iv_crush,35,mid+slip/mid+slip,1h,ITC_spot_proxy,NSE-ITC-28Jul26-292.5-CE,NSE-ITC-28Jul26-292.5-PE,7.25,5.45,7.21375,5.42275,6.15,6.2,12.6365,12.41175,359.60000000000036,-47.90005759714137,276.80707202807946,34.892870374779534,0.1818076217905343,0.15774137091143087,0.008171671244112357,2.406625087910344,"5,20,60",0.0031881321684833885,0.0014502901729665852,0.0017378419955168033,"ATM-F K=292.50 short lots=1 hedge=1h/ITC_spot_proxy windows=[5, 20, 60]"
index-short-NIFTY-2026071710-2026-07-28,index,NIFTY,short,2026-07-28,24300.0,10,65,2026-07-17 10:00:00,2026-07-20 15:00:00,iv_crush,11,mid+slip/mid+slip,1h,spot_as_fut_proxy,NSE-NIFTY-28Jul26-24300-CE,NSE-NIFTY-28Jul26-24300-PE,183.65,253.4,182.73175,252.133,162.0,193.65,434.86475,357.42824999999993,50333.72500000005,-13888.845863640043,4944.003362686428,31500.875773673575,0.17325969986549983,0.10983516719550315,0.017955159644618947,6.342453266999668,"5,20,60",0.0009228952668858876,5.928767784113819e-05,0.0008636075890447494,"ATM-F K=24300.00 short lots=10 hedge=1h/spot_as_fut_proxy windows=[5, 20, 60]"
stock-long-BHARTIARTL-2026062510-2026-07-28,stock,BHARTIARTL,long,2026-07-28,1880.0,1,475,2026-06-25 10:00:00,2026-07-21 10:00:00,monthly_roll,33,mid+slip/mid+slip,1h,BHARTIARTL_spot_proxy,NSE-BHARTIARTL-28Jul26-1880-CE,NSE-BHARTIARTL-28Jul26-1880-PE,51.25,32.95,51.506249999999994,33.11475,51.25,32.95,84.621,83.779,-399.9499999999994,7077.3421117247935,797.0119106140563,5880.380201110737,0.18967347865542358,0.19939627958297362,-0.0037828478062819568,-0.972280092755004,"5,20,60",0.003272973161411866,0.0027797689063542613,0.0004932042550576045,"ATM-F K=1880.00 long lots=1 hedge=1h/BHARTIARTL_spot_proxy windows=[5, 20, 60]"
stock-short-SBIN-2026062510-2026-07-28,stock,SBIN,short,2026-07-28,1040.0,1,750,2026-06-25 10:00:00,2026-07-21 10:00:00,monthly_roll,33,mid+slip/mid+slip,1h,SBIN_spot_proxy,NSE-SBIN-28Jul26-1040-CE,NSE-SBIN-28Jul26-1040-PE,36.0,19.85,35.82,19.75075,27.85,6.5,55.570750000000004,34.52175,15786.750000000005,-15139.317532904826,654.0290012503527,-6.596534155173572,0.2136438018372667,0.20027739887551693,0.005532637563138369,1.3366402961749762,"5,20,60",0.0041525017186432025,0.002613896209067593,0.0015386055095756093,"ATM-F K=1040.00 short lots=1 hedge=1h/SBIN_spot_proxy windows=[5, 20, 60]"
stock-short-BAJFINANCE-2026072310-2026-08-25,stock,BAJFINANCE,short,2026-08-25,1040.0,1,125,2026-07-23 10:00:00,2026-07-24 09:00:00,running_hot,33,mid+slip/mid+slip,1h,BAJFINANCE_spot_proxy,NSE-BAJFINANCE-25Aug26-1040-CE,NSE-BAJFINANCE-25Aug26-1040-PE,41.85,26.7,41.640750000000004,26.566499999999998,26.4,46.2,68.20725,72.963,-594.468749999999,-542.5678497308527,30.52167145924875,-1167.5582711901006,0.2675389257257934,0.22448064651695848,0.02118551611783994,4.305827920883493,"5,20,60",0.006511831933705567,0.000721736634716109,0.005790095298989458,"ATM-F K=1040.00 short lots=1 hedge=1h/BAJFINANCE_spot_proxy windows=[5, 20, 60]"
stock-short-LT-2026072710-2026-08-25,stock,LT,short,2026-08-25,3800.0,1,175,2026-07-27 10:00:00,2026-07-29 09:00:00,running_hot,29,mid+slip/mid+slip,1h,LT_spot_proxy,NSE-LT-25Aug26-3800-CE,NSE-LT-25Aug26-3800-PE,129.6,89.0,128.952,88.55499999999999,206.15,29.9,217.507,237.23024999999998,-3451.5687499999963,3894.4859582212075,198.7008014009147,244.21640682029653,0.25189023690675905,0.14907191467898626,0.04122625570288425,10.281832222777279,"5,20,60",0.005077487685538861,0.0010445933800616708,0.004032894305477191,"ATM-F K=3800.00 short lots=1 hedge=1h/LT_spot_proxy windows=[5, 20, 60]"
index-short-NIFTY-2026072210-2026-08-04,index,NIFTY,short,2026-08-04,24100.0,13,65,2026-07-22 10:00:00,2026-07-29 10:00:00,weekly_roll,13,mid+slip/mid+slip,1h,spot_as_fut_proxy,NSE-NIFTY-04Aug26-24100-CE,NSE-NIFTY-04Aug26-24100-PE,272.5,262.85,271.1375,261.53575,272.5,262.85,532.67325,538.02675,-4523.7074999999495,-91734.55554965575,6647.271020814203,-102905.5340704699,0.12593056878225237,0.11091262312852203,0.003556898184572036,1.5017945653730338,"5,20,60",0.0005743869882316172,0.0002750785037354715,0.00029930848449614565,"ATM-F K=24100.00 short lots=13 hedge=1h/spot_as_fut_proxy windows=[5, 20, 60]"
index-long-NIFTY-2026072910-2026-08-11,index,NIFTY,long,2026-08-11,24300.0,66,65,2026-07-29 10:00:00,2026-08-05 10:00:00,weekly_roll,13,mid+slip/mid+slip,1h,spot_as_fut_proxy,NSE-NIFTY-11Aug26-24300-CE,NSE-NIFTY-11Aug26-24300-PE,362.0,290.9,363.80999999999995,292.3545,362.0,290.9,656.1644999999999,649.6355,-28009.409999999498,-439747.1451478818,49015.44241442626,-516771.9975623076,0.10559720259610447,0.11902253809061526,-0.0030155953774092265,-1.342533549451079,"5,20,60",0.00040387511062844715,0.00022074268587515342,0.00018313242475329373,"ATM-F K=24300.00 long lots=66 hedge=1h/spot_as_fut_proxy windows=[5, 20, 60]"
stock-long-TCS-2026071310-2026-08-25,stock,TCS,long,2026-08-25,2140.0,1,175,2026-07-13 10:00:00,2026-08-07 09:00:00,variance_harvest,43,mid+slip/mid+slip,1h,TCS_spot_proxy,NSE-TCS-25Aug26-2140-CE,NSE-TCS-25Aug26-2140-PE,68.75,86.0,69.09374999999999,86.42999999999999,135.0,31.65,155.52374999999998,165.81674999999998,1801.275000000001,-27054.112917932463,256.0721974310257,-25508.910115363487,0.2545142863895726,0.394620745606502,-0.09094801088663819,-14.010645921692944,"5,20,60",0.00766674413079034,0.008012744896074607,-0.00034600076528426733,"ATM-F K=2140.00 long lots=1 hedge=1h/TCS_spot_proxy windows=[5, 20, 60]"
stock-long-BAJFINANCE-2026072810-2026-08-25,stock,BAJFINANCE,long,2026-08-25,1040.0,4,125,2026-07-28 10:00:00,2026-08-07 09:00:00,variance_harvest,28,mid+slip/mid+slip,1h,BAJFINANCE_spot_proxy,NSE-BAJFINANCE-25Aug26-1040-CE,NSE-BAJFINANCE-25Aug26-1040-PE,38.65,28.9,38.84325,29.044499999999996,109.7,2.8,67.88775,111.9375,22024.875,4935.170156195203,293.9893314907001,26666.055824704505,0.2900676662017383,0.3008018655657626,-0.0063425113521200505,-1.073419936402431,"5,20,60",0.006502891003428288,0.0072675586472553295,-0.0007646676438270413,"ATM-F K=1040.00 long lots=4 hedge=1h/BAJFINANCE_spot_proxy windows=[5, 20, 60]"
index-short-NIFTY-2026080610-2026-08-18,index,NIFTY,short,2026-08-18,24650.0,13,65,2026-08-06 10:00:00,2026-08-12 14:00:00,iv_crush,12,mid+slip/mid+slip,1h,spot_as_fut_proxy,NSE-NIFTY-18Aug26-24650-CE,NSE-NIFTY-18Aug26-24650-PE,223.0,180.55,221.885,179.64725,75.3,228.75,401.53225,305.57025,81087.88999999998,13434.776387345126,5666.759333188505,88855.90705415662,0.12252418159080042,0.1165216689303096,0.001434875744190758,0.6002512660490816,"5,20,60",0.0005026321451476627,7.336600559319866e-05,0.00042926613955446405,"ATM-F K=24650.00 short lots=13 hedge=1h/spot_as_fut_proxy windows=[5, 20, 60]"
stock-long-HDFCBANK-2026072010-2026-08-25,stock,HDFCBANK,long,2026-08-25,780.0,1,550,2026-07-20 10:00:00,2026-08-14 13:00:00,iv_crush_stop,36,mid+slip/mid+slip,1h,HDFCBANK_spot_proxy,NSE-HDFCBANK-25Aug26-780-CE,NSE-HDFCBANK-25Aug26-780-PE,25.45,20.25,25.577249999999996,20.351249999999997,7.8,41.35,45.92849999999999,48.904250000000005,1636.6625000000067,-6646.611623632301,240.85140800789168,-5250.800531640187,0.2375886153615191,0.3334507404495624,-0.05474104615695757,-9.586212508804332,"5,20,60",0.005599114813473268,0.00142763472383088,0.004171480089642387,"ATM-F K=780.00 long lots=1 hedge=1h/HDFCBANK_spot_proxy windows=[5, 20, 60]"
stock-short-AXISBANK-2026072910-2026-08-25,stock,AXISBANK,short,2026-08-25,1220.0,1,625,2026-07-29 10:00:00,2026-08-14 13:00:00,iv_crush,27,mid+slip/mid+slip,1h,AXISBANK_spot_proxy,NSE-AXISBANK-25Aug26-1220-CE,NSE-AXISBANK-25Aug26-1220-PE,31.85,23.65,31.69075,23.53175,14.621755656920982,15.428223800729825,55.2225,30.200229354939054,15638.91915316309,-9775.838883968581,444.2103913480442,5418.869877846464,0.20844343228085316,0.19729994007632431,0.004521398106901449,1.1143492204528842,"5,20,60",0.0032390716661280265,0.001535289586328076,0.0017037820797999505,"ATM-F K=1220.00 short lots=1 hedge=1h/AXISBANK_spot_proxy windows=[5, 20, 60]"
stock-short-KOTAKBANK-2026072810-2026-08-25,stock,KOTAKBANK,short,2026-08-25,390.0,1,400,2026-07-28 10:00:00,2026-08-14 14:00:00,iv_crush,28,mid+slip/mid+slip,1h,KOTAKBANK_spot_proxy,NSE-KOTAKBANK-25Aug26-390-CE,NSE-KOTAKBANK-25Aug26-390-PE,7.2,9.9,7.164,9.8505,7.2,3.2,17.014499999999998,10.452,2624.999999999999,-1704.0202989375473,107.04016802662133,813.9395330358304,0.2104966792604464,0.20184370732006734,0.003567969794966236,0.8652971940379062,"5,20,60",0.0034245091508361826,0.0013273046890376777,0.002097204461798505,"ATM-F K=390.00 short lots=1 hedge=1h/KOTAKBANK_spot_proxy windows=[5, 20, 60]"
stock-short-INFY-2026072010-2026-08-25,stock,INFY,short,2026-08-25,1100.0,1,400,2026-07-20 10:00:00,2026-08-18 10:00:00,monthly_roll,36,mid+slip/mid+slip,1h,INFY_spot_proxy,NSE-INFY-25Aug26-1100-CE,NSE-INFY-25Aug26-1100-PE,41.05,51.5,40.84475,51.2425,26.5,44.2,92.08725,71.0535,8413.5,-22834.28779261587,408.92793915681557,-14829.715731772685,0.37138309930806074,0.2962893978612924,0.05013799916665369,7.5093701446768355,"5,20,60",0.013680828303641247,0.009068956821228808,0.004611871482412438,"ATM-F K=1100.00 short lots=1 hedge=1h/INFY_spot_proxy windows=[5, 20, 60]"
stock-long-ITC-2026080310-2026-08-25,stock,ITC,long,2026-08-25,290.0,2,1600,2026-08-03 10:00:00,2026-08-18 10:00:00,monthly_roll,22,mid+slip/mid+slip,1h,ITC_spot_proxy,NSE-ITC-25Aug26-290-CE,NSE-ITC-25Aug26-290-PE,5.2,4.2,5.226,4.221,1.65,7.8,9.447,9.40275,-141.59999999999968,-24430.42143268726,505.042164707692,-25077.06359739495,0.1642979391327664,0.17889815132755535,-0.005010735745142679,-1.4600212194788935,"5,20,60",0.0016428472656339031,0.0008484057136184038,0.0007944415520154993,"ATM-F K=290.00 long lots=2 hedge=1h/ITC_spot_proxy windows=[5, 20, 60]"
stock-long-LT-2026080410-2026-08-25,stock,LT,long,2026-08-25,4000.0,1,175,2026-08-04 10:00:00,2026-08-18 10:00:00,monthly_roll,21,mid+slip/mid+slip,1h,LT_spot_proxy,NSE-LT-25Aug26-4000-CE,NSE-LT-25Aug26-4000-PE,90.35,56.25,90.80174999999998,56.53124999999999,83.85,15.95,147.33299999999997,99.30099999999999,-8405.599999999997,3601.6647053068114,359.07214068096147,-5163.007435374147,0.18736690473440012,0.22201954352630665,-0.0141863207178798,-3.4652638791906525,"5,20,60",0.0020404618852700785,0.0010989201843618498,0.0009415417009082288,"ATM-F K=4000.00 long lots=1 hedge=1h/LT_spot_proxy windows=[5, 20, 60]"
index-short-NIFTY-2026081410-2026-08-25,index,NIFTY,short,2026-08-25,24350.0,20,65,2026-08-14 10:00:00,2026-08-21 10:00:00,weekly_roll,11,mid+slip/mid+slip,1h,spot_as_fut_proxy,NSE-NIFTY-25Aug26-24350-CE,NSE-NIFTY-25Aug26-24350-PE,177.55,153.75,176.66225,152.98125,70.15,212.0,329.6435,283.56075,59907.57500000004,-93606.54570125345,9565.547954173597,-43264.518655427004,0.08585224256874698,0.07971028772237539,0.001016877585299102,0.6141954846371589,"5,20,60",0.0002266003577259138,8.884915665436347e-05,0.00013775120107155034,"ATM-F K=24350.00 short lots=20 hedge=1h/spot_as_fut_proxy windows=[5, 20, 60]"
index-short-NIFTY-2026082410-2026-09-01,index,NIFTY,short,2026-09-01,24250.0,17,65,2026-08-24 10:00:00,2026-08-28 15:00:00,iv_crush,8,mid+slip/mid+slip,1h,spot_as_fut_proxy,NSE-NIFTY-01Sep26-24250-CE,NSE-NIFTY-01Sep26-24250-PE,165.5,117.2,164.67249999999999,116.614,71.7,94.05,281.2865,166.57874999999999,126752.06375,-84363.70798910194,9325.08965745307,33063.26610344499,0.1170946302612152,0.08213481220407809,0.006965025060211519,3.4959818057137104,"5,20,60",0.00030891542392335296,0.00011022836113351182,0.00019868706278984113,"ATM-F K=24250.00 short lots=17 hedge=1h/spot_as_fut_proxy windows=[5, 20, 60]"
stock-long-TCS-2026081810-2026-09-29,stock,TCS,long,2026-09-29,2300.0,1,175,2026-08-18 10:00:00,2026-08-31 15:00:00,iv_crush_stop,42,mid+slip/mid+slip,1h,TCS_spot_proxy,NSE-TCS-29Sep26-2300-CE,NSE-TCS-29Sep26-2300-PE,79.65,67.9,80.04825,68.23949999999999,81.8,41.0,148.28775,122.18599999999999,-4567.80625,407.13037479170225,232.97752411614334,-4393.65339932444,0.24373834735497757,0.35903321513130665,-0.06949646759618743,-11.529486777632908,"5,20,60",0.006868628237274553,0.002975385776483345,0.003893242460791208,"ATM-F K=2300.00 long lots=1 hedge=1h/TCS_spot_proxy windows=[5, 20, 60]"
stock-long-ITC-2026083110-2026-09-29,stock,ITC,long,2026-09-29,267.5,2,1600,2026-08-31 10:00:00,2026-09-01 12:00:00,variance_harvest,29,mid+slip/mid+slip,1h,ITC_spot_proxy,NSE-ITC-29Sep26-267.5-CE,NSE-ITC-29Sep26-267.5-PE,4.0,4.8,4.02,4.823999999999999,3.2,6.25,8.843999999999998,9.402750000000001,1788.000000000011,19643.379629446597,242.79132860134226,21188.588300845266,0.15519362937222347,0.24756464125572453,-0.03720318900235252,-9.237101188350106,"5,20,60",0.0019274094698040988,0.0019305619366211436,-3.1524668170448446e-06,"ATM-F K=267.50 long lots=2 hedge=1h/ITC_spot_proxy windows=[5, 20, 60]"
index-short-NIFTY-2026083110-2026-09-08,index,NIFTY,short,2026-09-08,24050.0,16,65,2026-08-31 10:00:00,2026-09-03 09:00:00,iv_crush,8,mid+slip/mid+slip,1h,spot_as_fut_proxy,NSE-NIFTY-08Sep26-24050-CE,NSE-NIFTY-08Sep26-24050-PE,177.2,128.1,176.314,127.45949999999999,110.0,106.25,303.7735,217.33124999999995,89899.94000000006,-100528.12055276538,6052.4818597532885,-16680.662412518606,0.1292969892753567,0.0772271485818402,0.010753678957590085,5.206984069351652,"5,20,60",0.00037665389100446754,0.00014967313915091593,0.0002269807518535516,"ATM-F K=24050.00 short lots=16 hedge=1h/spot_as_fut_proxy windows=[5, 20, 60]"
stock-short-HDFCBANK-2026081710-2026-09-29,stock,HDFCBANK,short,2026-09-29,730.0,1,550,2026-08-17 10:00:00,2026-09-03 15:00:00,iv_crush,43,mid+slip/mid+slip,1h,HDFCBANK_spot_proxy,NSE-HDFCBANK-29Sep26-730-CE,NSE-HDFCBANK-29Sep26-730-PE,24.3,22.2,24.1785,22.089,9.3,23.45,46.2675,32.91374999999999,7344.562500000003,-2937.267989378463,241.30243349006227,4165.992077131477,0.23467666210014998,0.13875647221876775,0.035819777151870305,9.592018988138223,"5,20,60",0.006518181419633871,0.0017516333951760618,0.004766548024457809,"ATM-F K=730.00 short lots=1 hedge=1h/HDFCBANK_spot_proxy windows=[5, 20, 60]"
stock-long-AXISBANK-2026082810-2026-09-29,stock,AXISBANK,long,2026-09-29,1280.0,1,625,2026-08-28 10:00:00,2026-09-08 11:00:00,variance_harvest,32,mid+slip/mid+slip,1h,AXISBANK_spot_proxy,NSE-AXISBANK-29Sep26-1280-CE,NSE-AXISBANK-29Sep26-1280-PE,25.6,46.0,25.727999999999998,46.23,25.6,46.0,71.958,71.242,-447.49999999999625,8760.907033540157,445.8929394537287,7867.514094086432,0.16154178257987462,0.17127407650073084,-0.003239061762094722,-0.9732293920856228,"5,20,60",0.0023026535142609025,0.0023094836948406457,-6.830180579743203e-06,"ATM-F K=1280.00 long lots=1 hedge=1h/AXISBANK_spot_proxy windows=[5, 20, 60]"
index-short-NIFTY-2026090910-2026-09-22,index,NIFTY,short,2026-09-22,23700.0,15,65,2026-09-09 10:00:00,2026-09-11 09:00:00,running_hot,13,mid+slip/mid+slip,1h,spot_as_fut_proxy,NSE-NIFTY-22Sep26-23700-CE,NSE-NIFTY-22Sep26-23700-PE,195.05,174.3,194.07475000000002,173.4285,195.05,174.3,367.50325000000004,371.19674999999995,-3601.162499999917,50252.91164035178,5707.128518952193,40944.62062139966,0.1037119335397894,0.08263065275584157,0.003928340383705225,2.108128078394783,"5,20,60",0.00038958275585709986,0.00012672179175099487,0.000262860964106105,"ATM-F K=23700.00 short lots=15 hedge=1h/spot_as_fut_proxy windows=[5, 20, 60]"
stock-long-BAJFINANCE-2026081910-2026-09-29,stock,BAJFINANCE,long,2026-09-29,1090.0,4,125,2026-08-19 10:00:00,2026-09-17 09:00:00,eod_flatten,41,mid+slip/mid+slip,1h,BAJFINANCE_spot_proxy,NSE-BAJFINANCE-29Sep26-1090-CE,NSE-BAJFINANCE-29Sep26-1090-PE,32.75,27.05,32.91374999999999,27.185249999999996,16.7,36.35,60.09899999999999,52.78475,-3657.1249999999936,-2283.9678728400086,422.4913994232447,-6363.584272263247,0.20550143339814525,0.2897356857395152,-0.041715928462254775,-8.423425234136994,"5,20,60",0.004766987830006965,0.003311567939138412,0.0014554198908685533,"ATM-F K=1090.00 long lots=4 hedge=1h/BAJFINANCE_spot_proxy windows=[5, 20, 60]"
stock-short-LT-2026081910-2026-09-29,stock,LT,short,2026-09-29,4050.0,1,175,2026-08-19 10:00:00,2026-09-17 09:00:00,eod_flatten,41,mid+slip/mid+slip,1h,LT_spot_proxy,NSE-LT-29Sep26-4050-CE,NSE-LT-29Sep26-4050-PE,109.0,89.65,108.455,89.20175,73.5,69.55,197.65675,143.76524999999998,9431.0125,6431.127510375139,640.3509376763034,15221.789072698837,0.1800392887138494,0.15267767182088884,0.009103674007941782,2.7361616892960545,"5,20,60",0.003658886259758457,0.002524156362968647,0.00113472989678981,"ATM-F K=4050.00 short lots=1 hedge=1h/LT_spot_proxy windows=[5, 20, 60]"
stock-long-INFY-2026082010-2026-09-29,stock,INFY,long,2026-09-29,1140.0,1,400,2026-08-20 10:00:00,2026-09-17 09:00:00,eod_flatten,40,mid+slip/mid+slip,1h,INFY_spot_proxy,NSE-INFY-29Sep26-1140-CE,NSE-INFY-29Sep26-1140-PE,43.4,37.0,43.617,37.184999999999995,10.05,62.15,80.80199999999999,71.839,-3585.1999999999975,3149.5122823893525,375.93491605220817,-811.6226336628531,0.27013571040478856,0.3032819279580105,-0.019006625790028084,-3.314621755322195,"5,20,60",0.008037385707923938,0.006797650209311475,0.0012397354986124626,"ATM-F K=1140.00 long lots=1 hedge=1h/INFY_spot_proxy windows=[5, 20, 60]"
stock-long-ICICIBANK-2026090110-2026-09-29,stock,ICICIBANK,long,2026-09-29,1440.0,1,700,2026-09-01 10:00:00,2026-09-17 09:00:00,eod_flatten,28,mid+slip/mid+slip,1h,ICICIBANK_spot_proxy,NSE-ICICIBANK-29Sep26-1440-CE,NSE-ICICIBANK-29Sep26-1440-PE,26.25,20.2,26.381249999999998,20.301,22.55,24.1,46.682249999999996,46.41675000000001,-185.84999999999212,-16589.079414899767,543.2894892085537,-17318.21890410831,0.14672781827188297,0.1897621320683118,-0.014480614112284698,-4.303431379642883,"5,20,60",0.0016639211925216857,0.001230175702553321,0.00043374548996836463,"ATM-F K=1440.00 long lots=1 hedge=1h/ICICIBANK_spot_proxy windows=[5, 20, 60]"
stock-long-ITC-2026090310-2026-09-29,stock,ITC,long,2026-09-29,267.5,2,1600,2026-09-03 10:00:00,2026-09-17 09:00:00,eod_flatten,26,mid+slip/mid+slip,1h,ITC_spot_proxy,NSE-ITC-29Sep26-267.5-CE,NSE-ITC-29Sep26-267.5-PE,3.2,6.25,3.2159999999999997,6.281249999999999,3.2,6.25,9.49725,9.402750000000001,-302.3999999999944,6107.664968768665,388.98647193537363,5416.278496833297,0.15902690146701498,0.33612377444459623,-0.08768963635668212,-17.709687297758126,"5,20,60",0.0018160820349225081,0.001040281897904115,0.000775800137018393,"ATM-F K=267.50 long lots=2 hedge=1h/ITC_spot_proxy windows=[5, 20, 60]"
stock-long-BHARTIARTL-2026090710-2026-09-29,stock,BHARTIARTL,long,2026-09-29,1840.0,1,475,2026-09-07 10:00:00,2026-09-17 09:00:00,eod_flatten,22,mid+slip/mid+slip,1h,BHARTIARTL_spot_proxy,NSE-BHARTIARTL-29Sep26-1840-CE,NSE-BHARTIARTL-29Sep26-1840-PE,32.0,19.7,32.16,19.798499999999997,18.5,19.7,51.958499999999994,38.009,-6626.012499999997,5950.089525864451,308.31741907921537,-984.2403932147611,0.15753615301530666,0.264574516935224,-0.045182035504645016,-10.703836391991734,"5,20,60",0.001510405050982311,0.0006644769017274203,0.0008459281492548908,"ATM-F K=1840.00 long lots=1 hedge=1h/BHARTIARTL_spot_proxy windows=[5, 20, 60]"
stock-long-TCS-2026090710-2026-09-29,stock,TCS,long,2026-09-29,2300.0,1,175,2026-09-07 10:00:00,2026-09-17 09:00:00,eod_flatten,22,mid+slip/mid+slip,1h,TCS_spot_proxy,NSE-TCS-29Sep26-2300-CE,NSE-TCS-29Sep26-2300-PE,49.1,59.35,49.345499999999994,59.64675,40.45,69.9,108.99224999999998,109.79825,141.05000000000203,2597.05753400372,196.46142402064248,2541.6461099830794,0.23861320761756327,0.24979014196768803,-0.00545885217469539,-1.1176934350124763,"5,20,60",0.0034651490109777376,0.0028032136396030005,0.0006619353713747372,"ATM-F K=2300.00 long lots=1 hedge=1h/TCS_spot_proxy windows=[5, 20, 60]"
index-short-NIFTY-2026091110-2026-09-22,index,NIFTY,short,2026-09-22,23350.0,17,65,2026-09-11 10:00:00,2026-09-17 09:00:00,eod_flatten,11,mid+slip/mid+slip,1h,spot_as_fut_proxy,NSE-NIFTY-22Sep26-23350-CE,NSE-NIFTY-22Sep26-23350-PE,168.4,197.6,167.558,196.612,102.05,128.6,364.16999999999996,231.80324999999993,146265.25875000004,-51653.12141305059,5536.363164008917,89075.77417294052,0.10642765778259156,0.08438544886053155,0.004205942361695036,2.2042208922060005,"5,20,60",0.0003482301036873522,8.668958022391126e-05,0.00026154052346344093,"ATM-F K=23350.00 short lots=17 hedge=1h/spot_as_fut_proxy windows=[5, 20, 60]"
stock-long-HDFCBANK-2026091510-2026-10-27,stock,HDFCBANK,long,2026-10-27,710.0,1,550,2026-09-15 10:00:00,2026-09-17 09:00:00,eod_flatten,42,mid+slip/mid+slip,1h,HDFCBANK_spot_proxy,NSE-HDFCBANK-27Oct26-710-CE,NSE-HDFCBANK-27Oct26-710-PE,30.2,15.0,30.350999999999996,15.075,27.7,16.55,45.425999999999995,44.02875,-768.4874999999959,-8.372911478096484,93.42332696547409,-870.2837384435664,0.21482510117556913,0.2242963005674031,-0.004159006353129317,-0.9471199391833968,"5,20,60",0.005335711467074752,0.00010151516906723362,0.005234196298007519,"ATM-F K=710.00 long lots=1 hedge=1h/HDFCBANK_spot_proxy windows=[5, 20, 60]"
